,title,price,Desc
0,Suzuki Alto LXI 2016,"Rs 2,625,000","Colombo, "
1,Suzuki Alto LXI 2015,"Rs 2,650,000","Colombo, "
2,Suzuki Alto LXI Indian 2015,"Rs 2,690,000","Colombo, "
3,Suzuki Alto 2015,"Rs 2,760,000","Gampaha, "
4,Suzuki Alto LXI-800 2013,"Rs 2,600,000","Gampaha, "
5,Suzuki Alto LXI 2016,"Rs 2,950,000","Colombo, "
6,Suzuki Alto Lxi 2015,"Rs 2,650,000","Colombo, "
7,Suzuki Alto 800 2015,"Rs 2,795,000","Colombo, "
8,Suzuki Alto 2015,"Rs 2,775,000","Kegalle, "
9,Suzuki Alto Safety S Japan 2017,"Rs 4,200,000","Colombo, "
10,Suzuki Alto 2015,"Rs 2,575,000","Colombo, "
11,Suzuki Alto 2015,"Rs 2,650,000","Badulla, "
12,Suzuki Alto 2006,"Rs 2,500,000","Gampaha, "
13,Suzuki Alto japan 2005,"Rs 2,790,000","Kalutara, "
14,Suzuki Alto Japan 2016,"Rs 3,950,000","Colombo, "
15,Suzuki Alto 2013,"Rs 2,075,000","Kalutara, "
16,Suzuki Alto 2015,"Rs 2,950,000","Galle, "
17,Suzuki Alto 2015,"Rs 4,575,000","Colombo, "
18,Suzuki Alto K10 2015,"Rs 3,225,000","Matara, "
19,Suzuki Alto LXI 800 2015,"Rs 3,090,000","Puttalam, "
20,Suzuki Alto Sport Edition 2011,"Rs 2,325,000","Polonnaruwa, "
21,Suzuki Alto Japan Safety 2018,"Rs 4,050,000","Colombo, "
22,Suzuki Alto 2014,"Rs 2,755,000","Kalutara, "
23,Maruti Suzuki Alto 800 LXI 2015,"Rs 2,600,000","Colombo, "
24,Suzuki Alto 2011,"Rs 2,300,000","Colombo, "
25,Suzuki Alto lxi sports 2011,"Rs 2,390,000","Badulla, "
26,Suzuki Alto 2010,"Rs 2,050,000","Kurunegala, "
27,Maruti Suzuki Alto RS 2015,"Rs 5,250,000","Gampaha, "
28,Suzuki Alto LXI 800 2015,"Rs 2,800,000","Matara, "
29,Suzuki Alto 2010,"Rs 2,295,000","Colombo, "
30,Maruti Suzuki Alto LXI 2010,"Rs 2,395,000","Kandy, "
31,Suzuki Alto Auto 2004,"Rs 2,975,000","Colombo, "
32,Suzuki Alto 800LXI 2015,"Rs 2,825,000","Trincomalee, "
33,Suzuki Alto 2015,"Rs 2,625,000","Kalutara, "
34,Suzuki Alto RS 2015,"Rs 4,800,000","Kalutara, "
35,Suzuki Alto 2011,"Rs 2,650,000","Anuradhapura, "
36,Suzuki Alto 2015,"Rs 2,650,000","Matara, "
37,Suzuki Alto 2008,"Rs 2,000,000","Polonnaruwa, "
38,Suzuki Alto LXI 2015,"Rs 2,775,000","Kurunegala, "
39,Suzuki Alto LXI 800 2016,"Rs 2,900,000","Colombo, "
40,Suzuki Alto 800 LXi 2015,"Rs 2,825,000","Trincomalee, "
41,Suzuki Alto LXI 2007,"Rs 1,925,000","Kalutara, "
42,Suzuki Alto 2003,"Rs 2,900,000","Kandy, "
43,Suzuki Alto 2011,"Rs 2,225,000","Anuradhapura, "
44,Suzuki Alto japan Silvert 2004,"Rs 3,175,000","Matara, "
45,Suzuki Alto Black 2015,"Rs 2,860,000","Matara, "
46,Maruti Suzuki Alto 2015,"Rs 2,525,000","Gampaha, "
47,Maruti Suzuki Alto Sports edition 2012,"Rs 1,995,000","Gampaha, "
48,Suzuki Alto K10 2011,"Rs 2,390,000","Kurunegala, "
49,Suzuki Alto 2005,"Rs 1,760,000","Galle, "
50,Suzuki Alto 2007,"Rs 2,500,000","Polonnaruwa, "
51,Maruti Suzuki Alto 2015,"Rs 2,850,000","Badulla, "
52,Suzuki Alto 2014,"Rs 2,880,000","Ratnapura, "
53,Suzuki Alto 2015,"Rs 3,200,000","Anuradhapura, "
54,Suzuki Alto JAPAN 2018,"Rs 5,290,000","Colombo, "
55,Suzuki Alto 2015,"Rs 2,600,000","Galle, "
56,Suzuki Alto Japan UN/RE 2018,"Rs 6,800,000","Colombo, "
57,Suzuki Alto 50400 2016,"Rs 2,775,000","Ratnapura, "
58,Suzuki Alto 2015,"Rs 2,900,000","Gampaha, "
59,Suzuki Alto 2015,"Rs 2,775,000","Colombo, "
60,Suzuki Alto 2015,"Rs 2,700,000","Galle, "
61,Suzuki Alto Japan 2017,"Rs 4,800,000","Kandy, "
62,Suzuki Alto Low Millage 2015,"Rs 2,650,000","Gampaha, "
63,Suzuki Alto 2010,"Rs 2,850,000","Ratnapura, "
64,Suzuki Alto Japan 2017,"Rs 4,200,000","Kalutara, "
65,Suzuki Alto JAPAN 2019,"Rs 4,450,000","Colombo, "
66,Suzuki Alto 2012,"Rs 2,600,000","Gampaha, "
67,Suzuki Alto Japan 2016,"Rs 4,800,000","Kandy, "
68,Suzuki Alto 2015,"Rs 2,720,000","Kandy, "
69,Suzuki Alto 2015,"Rs 2,675,000","Matara, "
70,Suzuki Alto 2011,"Rs 2,390,000","Colombo, "
71,Suzuki Alto 2007,"Rs 1,985,000","Matara, "
72,Suzuki Alto 2016,"Rs 2,775,000","Ratnapura, "
73,Suzuki Alto 2015,"Rs 3,500,000","Gampaha, "
74,Suzuki Alto 2004,"Rs 1,500,000","Ratnapura, "
75,Suzuki Alto K10 2016,"Rs 3,525,000","Colombo, "
76,Suzuki Alto LXI Full Option 2016,"Rs 3,290,000","Colombo, "
77,Suzuki Alto 800 Lxi 2015,"Rs 2,680,000","Hambantota, "
78,Suzuki Alto Auto 2017,"Rs 4,590,000","Colombo, "
79,Suzuki Alto Japan 2007,"Rs 3,650,000","Colombo, "
80,Suzuki Alto 2006,"Rs 2,250,000","Colombo, "
81,Suzuki Alto LXI 2015,"Rs 2,650,000","Colombo, "
82,Suzuki Alto Japan PLEO Auto 2014,"Rs 2,850,000","Colombo, "
83,Suzuki Alto 2015,"Rs 3,200,000","Gampaha, "
84,Suzuki Alto 2015,"Rs 2,700,000","Colombo, "
85,Suzuki Alto Japan 1997,"Rs 1,725,000","Colombo, "
86,Suzuki Alto lxi 800 2015,"Rs 2,850,000","Gampaha, "
87,Suzuki Alto Sport 2015,"Rs 2,900,000","Kalutara, "
88,Suzuki Alto JAPAN S Safety AW 2018,"Rs 4,790,000","Colombo, "
89,Suzuki Alto 2015,"Rs 2,850,000","Kurunegala, "
90,Suzuki Alto Japan S HYBRID 2018,"Rs 4,690,000","Colombo, "
91,Suzuki Alto New Face 2016,"Rs 2,785,000","Colombo, "
92,Suzuki Alto 2006,"Rs 2,150,000","Kegalle, "
93,Suzuki Alto 2004,"Rs 2,150,000","Galle, "
94,Suzuki Alto 800 LXI 2015,"Rs 2,650,000","Colombo, "
95,Suzuki Alto Kl 2011,"Rs 2,150,000","Badulla, "
96,Suzuki Alto 2004,"Rs 2,650,000","Gampaha, "
97,Suzuki Alto 2007,"Rs 1,900,000","Colombo, "
98,Suzuki Alto 2005,"Rs 2,390,000","Colombo, "
99,Suzuki Alto LXI 2015,"Rs 2,760,000","Gampaha, "
100,Suzuki Alto Japanese-X grade 2017,"Rs 4,500,000","Gampaha, "
101,Suzuki Alto 800 2015,"Rs 3,150,000","Matara, "
102,Suzuki Alto K10 2016 B/N,"Rs 3,790,000","Colombo, "
103,Suzuki Alto 2011,"Rs 2,895,000","Colombo, "
104,Suzuki Alto 2015,"Rs 2,950,000","Gampaha, "
105,Suzuki Alto 2008,"Rs 3,365,000","Colombo, "
106,Suzuki Alto Japan 2007,"Rs 3,400,000","Kurunegala, "
107,Suzuki Alto Japan Sport 2017,"Rs 4,450,000","Colombo, "
108,Suzuki Alto 2012,"Rs 2,425,000","Kurunegala, "
109,Suzuki Alto JAPAN HYBRID 2018,"Rs 4,500,000","Colombo, "
110,Suzuki Alto 2016,"Rs 2,850,000","Colombo, "
111,Suzuki Alto 2016 Frist owner,"Rs 2,675,000","Colombo, "
112,Suzuki Alto 2014,"Rs 2,400,000","Colombo, "
113,Suzuki Alto 2015,"Rs 2,650,000","Colombo, "
114,Suzuki Alto 800 2015,"Rs 2,750,000","Anuradhapura, "
115,Suzuki Alto Sport Model 2016,"Rs 2,950,000","Puttalam, "
116,Suzuki Alto 2014,"Rs 2,500,000","Gampaha, "
117,Suzuki Alto 2015,"Rs 2,650,000","Kalutara, "
118,Suzuki Alto Lxi 2011,"Rs 2,475,000","Matale, "
119,Suzuki Alto L Grade 2018,"Rs 4,590,000","Colombo, "
120,Suzuki Alto Smart Plus 2017,"Rs 3,350,000","Gampaha, "
121,Maruti Suzuki Alto 2014,"Rs 2,800,000","Ratnapura, "
122,Suzuki Alto Japan Mazda Carol 2017,"Rs 4,160,000","Colombo, "
123,Suzuki Alto K10 2010,"Rs 2,650,000","Colombo, "
124,Suzuki Alto LXI 2015,"Rs 2,590,000","Colombo, "
125,Suzuki Alto Lxi 2016,"Rs 3,200,000","Gampaha, "
126,Suzuki Alto k10 2012,"Rs 2,400,000","Gampaha, "
127,Suzuki Alto 2011,"Rs 2,600,000","Kurunegala, "
128,Suzuki Alto 2005,"Rs 1,895,000","Colombo, "
129,Suzuki Alto 800 2011,"Rs 2,450,000","Kandy, "
130,Suzuki Alto 2015,"Rs 2,595,000","Kandy, "
131,Suzuki Alto 2016,"Rs 2,800,000","Colombo, "
132,Suzuki Alto JAPAN S ENE CHARGE 2018,"Rs 4,850,000","Colombo, "
133,Suzuki Alto LXI 800 2015,"Rs 3,200,000","Colombo, "
134,Suzuki Alto K10 2011,"Rs 2,400,000","Galle, "
135,Suzuki Alto LXI 800 2016,"Rs 2,890,000","Colombo, "
136,Suzuki Alto Lxi 800 2010,"Rs 2,190,000","Gampaha, "
137,Maruti Suzuki Alto 2015,"Rs 2,525,000","Gampaha, "
138,Suzuki Alto 2015,"Rs 2,700,000","Gampaha, "
139,Suzuki Alto 2006,"Rs 2,450,000","Matara, "
140,Suzuki Alto 2015,"Rs 2,750,000","Gampaha, "
141,Maruti Suzuki Alto 2015,"Rs 2,525,000","Gampaha, "
142,Suzuki Alto 800 2015,"Rs 3,150,000","Jaffna, "
143,Suzuki Alto 2015,"Rs 2,600,000","Colombo, "
144,Suzuki Alto 2012,"Rs 2,650,000","Colombo, "
145,Suzuki Alto 2007,"Rs 1,925,000","Kalutara, "
146,Suzuki Alto 2015,"Rs 2,400,000","Kurunegala, "
147,Suzuki Alto 2015,"Rs 2,750,000","Anuradhapura, "
148,Suzuki Alto 2015,"Rs 3,375,000","Colombo, "
149,Maruti Suzuki Alto Lxi 2015,"Rs 2,660,000","Kandy, "
150,Suzuki Alto K10 VXI 2015,"Rs 3,500,000","Colombo, "
151,Suzuki Alto 2014,"Rs 4,500,000","Hambantota, "
152,Suzuki Alto Automatic 2008,"Rs 2,895,000","Gampaha, "
153,Suzuki Alto 2012,"Rs 2,000,000","Colombo, "
154,Suzuki Alto 2008,"Rs 2,195,000","Gampaha, "
155,Suzuki Alto Japanies 2008,"Rs 3,000,000","Kandy, "
156,Suzuki Alto 2011,"Rs 2,800,000","Colombo, "
157,Suzuki Alto 2014,"Rs 2,600,000","Colombo, "
158,Suzuki Alto 2015,"Rs 2,625,000","Colombo, "
159,Suzuki Alto Japan 2004,"Rs 2,750,000","Gampaha, "
160,Suzuki Alto LXI 1997,"Rs 1,600,000","Kandy, "
161,Suzuki Alto 2006,"Rs 1,950,000","Kurunegala, "
162,Suzuki Alto 2015,"Rs 2,590,000","Colombo, "
163,Suzuki Alto Japan 2010,"Rs 3,650,000","Gampaha, "
164,Suzuki Alto 2015,"Rs 3,050,000","Colombo, "
165,Suzuki Alto 2017,"Rs 3,300,000","Colombo, "
166,Suzuki Alto LXI 2015,"Rs 2,890,000","Colombo, "
167,Suzuki Alto Safety 2017,"Rs 4,125,000","Colombo, "
168,Suzuki Alto Japan S HYBRID 2020,"Rs 4,850,000","Colombo, "
169,Suzuki Alto 800 2011,"Rs 2,475,000","Vavuniya, "
170,Suzuki Alto LXI 2011,"Rs 2,466,600","Matara, "
171,Suzuki Alto 2003,"Rs 3,150,000","Puttalam, "
172,Suzuki Alto Full option 2003,"Rs 3,150,000","Kandy, "
173,Suzuki Alto 2015,"Rs 3,000,000","Puttalam, "
174,Suzuki Alto 2014,"Rs 2,510,100","Colombo, "
175,Maruti Suzuki Alto LXI 2012,"Rs 2,390,000","Colombo, "
176,Suzuki Alto 2014,"Rs 3,000,000","Gampaha, "
177,Suzuki Alto LXI 2015,"Rs 3,350,000","Kandy, "
178,Suzuki Alto 2016,"Rs 3,200,000","Gampaha, "
179,Suzuki Alto 2015,"Rs 3,325,000","Gampaha, "
180,Suzuki Alto 2014,"Rs 2,842,000","Polonnaruwa, "
181,Suzuki Alto Sport 2015,"Rs 3,100,000","Kurunegala, "
182,Suzuki Alto lxi 800 2015,"Rs 3,050,000","Kurunegala, "
183,Suzuki Alto 2014,"Rs 3,850,000","Kalutara, "
184,Suzuki Alto 2006,"Rs 2,275,000","Gampaha, "
185,Maruti Suzuki Alto 2017,"Rs 3,000,000","Colombo, "
186,Suzuki Alto vx 2014,"Rs 3,100,000","Gampaha, "
187,Suzuki Alto 2015,"Rs 3,900,000","Colombo, "
188,Suzuki Alto Manual 2015,"Rs 3,290,000","Colombo, "
189,Suzuki Alto Japan L Grade 2018,"Rs 4,585,000","Galle, "
190,Suzuki Alto Lxi 2015,"Rs 3,050,000","Colombo, "
191,Suzuki Alto 800lxi 2015,"Rs 3,345,000","Gampaha, "
192,Suzuki Alto Japan 2016,"Rs 4,000,000","Gampaha, "
193,Suzuki Alto japan 2006,"Rs 3,450,000","Gampaha, "
194,Suzuki Alto 2015,"Rs 2,650,000","Polonnaruwa, "
195,Suzuki Alto AMW 2015,"Rs 3,200,000","Kandy, "
196,Suzuki Alto 2016,"Rs 3,290,000","Gampaha, "
197,Suzuki Alto 2013,"Rs 3,000,000","Gampaha, "
198,Suzuki Alto LXI 800 2015,"Rs 3,125,000","Colombo, "
199,Suzuki Alto Self-starter 2015,"Rs 3,025,000","Kandy, "
200,Suzuki Alto 2015,"Rs 3,190,000","Colombo, "
201,Suzuki Alto K10 2015,"Rs 3,500,000","Colombo, "
202,Suzuki Alto 2015,"Rs 3,000,000","Colombo, "
203,Suzuki Alto Japan 2002,"Rs 2,275,000","Colombo, "
204,Suzuki Alto LXI 800 2015,"Rs 3,500,000","Matale, "
205,Suzuki Alto 2015,"Rs 2,490,000","Jaffna, "
206,Suzuki Alto 2018,"Rs 4,700,000","Gampaha, "
207,Suzuki Alto LXI 800 2015,"Rs 2,745,000","Kurunegala, "
208,Suzuki Alto 2015,"Rs 3,000,000","Kurunegala, "
209,Maruti Suzuki Alto Grey 2015,"Rs 3,100,000","Colombo, "
210,Suzuki Alto 2015,"Rs 2,700,000","Colombo, "
211,Suzuki Alto Lxi 2015,"Rs 3,300,000","Kurunegala, "
212,Suzuki Alto 2015,"Rs 2,625,000","Anuradhapura, "
213,Suzuki Alto Lxi 800 2015,"Rs 3,370,000","Gampaha, "
214,Suzuki Alto K10 2015,"Rs 3,200,000","Kandy, "
215,Suzuki Alto 800 2015,"Rs 2,795,000","Kandy, "
216,Suzuki Alto LXI 800 2016,"Rs 3,200,000","Gampaha, "
217,Suzuki Alto K10 VXI sport 2015,"Rs 3,475,000","Colombo, "
218,Suzuki Alto japan 2017,"Rs 4,100,000","Gampaha, "
219,Suzuki Alto 2016,"Rs 3,400,000","Gampaha, "
220,Suzuki Alto 2017,"Rs 3,350,000","Puttalam, "
221,Suzuki Alto Japan 1998,"Rs 1,925,000","Galle, "
222,Suzuki Alto 2015,"Rs 2,825,000","Gampaha, "
223,Suzuki Alto 2015,"Rs 3,200,000","Kurunegala, "
224,Suzuki Alto 2015,"Rs 3,000,000","Gampaha, "
225,Suzuki Alto Japan 2017,"Rs 4,475,000","Kandy, "
226,Suzuki Alto 2015,"Rs 3,200,000","Galle, "
227,Suzuki Alto Lxi800 2010,"Rs 2,225,000","Colombo, "
228,Suzuki Alto 2013,"Rs 2,250,000","Gampaha, "
229,Suzuki Alto 800 2015,"Rs 2,900,000","Kilinochchi, "
230,Suzuki Alto 2015,"Rs 2,888,000","Ratnapura, "
231,Suzuki Alto KO 2011,"Rs 2,290,000","Colombo, "
232,Suzuki Alto 2014,"Rs 3,350,000","Gampaha, "
233,Suzuki Alto K10 2010,"Rs 2,450,000","Kalutara, "
234,Suzuki Alto Works 2016,"Rs 5,800,000","Kalutara, "
235,Suzuki Alto 2015,"Rs 3,050,000","Galle, "
236,Suzuki Alto 2015,"Rs 2,600,000","Kalutara, "
237,Suzuki Alto 2015,"Rs 2,875,000","Matara, "
238,Maruti Suzuki Alto 2016,"Rs 3,200,000","Kandy, "
239,Suzuki Alto 2015,"Rs 3,000,000","Colombo, "
240,Suzuki Alto japan 2007,"Rs 3,075,000","Kandy, "
241,Suzuki Alto 2016,"Rs 3,400,000","Galle, "
242,Suzuki Alto 2016,"Rs 4,175,000","Colombo, "
243,Suzuki Alto 2012,"Rs 2,800,000","Puttalam, "
244,Suzuki Alto 2015,"Rs 2,750,000","Colombo, "
245,Suzuki Alto 2004,"Rs 2,325,000","Ratnapura, "
246,Suzuki Alto 2015,"Rs 2,650,000","Colombo, "
247,Suzuki Alto 800 2015,"Rs 2,690,000","Kandy, "
248,Suzuki Alto Japan 2016,"Rs 4,000,000","Galle, "
249,Suzuki Alto 2016,"Rs 4,050,000","Gampaha, "
250,Suzuki Alto Japan 2004,"Rs 3,125,000","Colombo, "
251,Suzuki Alto 2015,"Rs 2,850,000","Kurunegala, "
252,Suzuki Alto 2015,"Rs 2,800,000","Colombo, "
253,Suzuki Alto LXI 2008,"Rs 2,400,000","Gampaha, "
254,Suzuki Alto Works 2016,"Rs 5,500,000","Colombo, "
255,Suzuki Alto LXi 2015,"Rs 2,425,000","Kandy, "
256,Suzuki Alto LXI 2013,"Rs 2,690,000","Gampaha, "
257,Suzuki Alto 800 2015,"Rs 2,750,000","Colombo, "
258,Suzuki Alto 2004,"Rs 2,585,000","Matara, "
259,Suzuki Alto 800 LXI 2015,"Rs 2,800,000","Colombo, "
260,Suzuki Alto Japan 2007,"Rs 2,825,000","Kurunegala, "
261,Suzuki Alto Sport 2008,"Rs 2,200,000","Colombo, "
262,Maruti Suzuki Alto VXI 800cc 2019,"Rs 3,850,000","Colombo, "
263,Suzuki Alto 800 2015,"Rs 2,850,000","Anuradhapura, "
264,Suzuki Alto 2015,"Rs 2,985,000","Colombo, "
265,Suzuki Alto Sports (chilli Pack) 2017,"Rs 3,395,000","Colombo, "
266,Maruti Suzuki Alto 2005,"Rs 1,800,000","Gampaha, "
267,Suzuki Alto LXI 2010,"Rs 2,350,000","Kegalle, "
268,Suzuki Alto 2015,"Rs 2,595,000","Kurunegala, "
269,Suzuki Alto 2007,"Rs 2,085,000","Matara, "
270,Suzuki Alto 2003,"Rs 3,000,000","Colombo, "
271,Suzuki Alto 2014,"Rs 2,600,000","Kalutara, "
272,Suzuki Alto 2015,"Rs 2,690,000","Colombo, "
273,Suzuki Alto LXI 2016,"Rs 2,850,000","Kandy, "
274,Suzuki Alto Japan 650 2002,"Rs 1,950,000","Kurunegala, "
275,Suzuki Alto LXI 2015,"Rs 2,743,500","Colombo, "
276,Suzuki Alto K10 2012,"Rs 2,575,000","Colombo, "
277,Suzuki Alto 2015,"Rs 2,850,000","Kurunegala, "
278,Maruti Suzuki Alto LXI 2005,"Rs 1,975,000","Badulla, "
279,Suzuki Alto 2015,"Rs 2,830,000","Gampaha, "
280,Suzuki Alto LXI 2005,"Rs 2,125,000","Gampaha, "
281,Suzuki Alto Japan UN/RE 2017,"Rs 6,500,000","Colombo, "
282,Suzuki Alto Japan 2003,"Rs 2,850,000","Gampaha, "
283,Suzuki Alto 2007,"Rs 2,150,000","Badulla, "
284,Suzuki Alto 2016,"Rs 4,000,000","Gampaha, "
285,Suzuki Alto 2015,"Rs 2,800,000","Colombo, "
286,Suzuki Alto 2015,"Rs 2,895,000","Colombo, "
287,Maruti Suzuki Alto 2011,"Rs 2,250,000","Galle, "
288,Suzuki Alto Maruti 2015,"Rs 2,850,000","Gampaha, "
289,Suzuki Alto 2011,"Rs 2,100,000","Matara, "
290,Suzuki Alto 2003,"Rs 3,175,000","Kegalle, "
291,Suzuki Alto Lxi 2013,"Rs 2,350,000","Colombo, "
292,Suzuki Alto 2015,"Rs 2,600,000","Anuradhapura, "
293,Suzuki Alto Maruti 2012,"Rs 2,400,000","Kurunegala, "
294,Suzuki Alto K10 2011,"Rs 2,500,000","Galle, "
295,Suzuki Alto 2015,"Rs 3,250,000","Badulla, "
296,Suzuki Alto 2015,"Rs 2,850,000","Anuradhapura, "
297,Maruti Suzuki Alto 2005,"Rs 2,125,000","Colombo, "
298,Maruti Suzuki Alto 2012,"Rs 2,400,000","Galle, "
299,Maruti Suzuki Alto Ex 2015,"Rs 3,000,000","Colombo, "
300,Suzuki Alto 2015,"Rs 2,400,000","Colombo, "
301,Suzuki Alto Japan 2003,"Rs 2,990,000","Gampaha, "
302,Suzuki Alto Lxi 2015,"Rs 2,750,000","Colombo, "
303,Suzuki Alto LXI 2005,"Rs 2,070,000","Trincomalee, "
304,Suzuki Alto 2015,"Rs 2,990,000","Kalutara, "
305,Suzuki Alto 2012,"Rs 2,225,000","Matara, "
306,Maruti Suzuki Alto 2015,"Rs 2,525,000","Gampaha, "
307,Suzuki Alto LXI 2005,"Rs 2,135,000","Colombo, "
308,Maruti Suzuki Alto 2011,"Rs 2,650,000","Colombo, "
309,Suzuki Alto LXi 2015,"Rs 2,990,000","Ampara, "
310,Suzuki Alto japan 2017,"Rs 4,350,000","Gampaha, "
311,Maruti Suzuki Alto 800 2015,"Rs 3,050,000","Puttalam, "
312,Suzuki Alto Lxi 2015,"Rs 2,800,000","Kalutara, "
313,Suzuki Alto Car 2014,"Rs 2,400,000","Gampaha, "
314,Suzuki Alto Car 2005,"Rs 2,275,000","Batticaloa, "
315,Suzuki Alto 800 LXI 2015,"Rs 2,615,000","Gampaha, "
316,Suzuki Alto 2015,"Rs 2,525,000","Colombo, "
317,Suzuki Alto LXI 800 2015,"Rs 2,880,000","Gampaha, "
318,Suzuki Alto k10 2012,"Rs 2,590,000","Ratnapura, "
319,Suzuki Alto 2015,"Rs 2,660,000","Colombo, "
320,Suzuki Alto 3 2015,"Rs 2,875,000","Colombo, "
321,Suzuki Alto 2015,"Rs 2,610,000","Colombo, "
322,Suzuki Alto 2016,"Rs 2,900,000","Gampaha, "
323,Suzuki Alto LXI 2010,"Rs 2,375,000","Colombo, "
324,Suzuki Alto K10 2011,"Rs 2,600,000","Kalutara, "
325,Suzuki Alto 2010,"Rs 2,390,000","Gampaha, "
326,Maruti Suzuki Alto 2010,"Rs 2,375,000","Galle, "
327,Suzuki Alto K10 2015,"Rs 3,895,000","Colombo, "
328,Suzuki Alto K10 2015,"Rs 3,240,000","Colombo, "
329,Suzuki Alto Car 2015,"Rs 2,975,000","Kalutara, "
330,Suzuki Alto Indian 2008,"Rs 2,000,000","Kandy, "
331,Suzuki Alto 2007,"Rs 3,995,000","Colombo, "
332,Suzuki Alto 2015,"Rs 2,800,000","Gampaha, "
333,Suzuki Alto 2015,"Rs 2,700,000","Colombo, "
334,Suzuki Alto 2015,"Rs 2,580,000","Colombo, "
335,Suzuki Alto Turbo RS 2016,"Rs 4,700,000","Badulla, "
336,Maruti Suzuki Alto K10 2011,"Rs 2,600,000","Puttalam, "
337,Suzuki Alto 800 Lxi 2015,"Rs 1,290,000","Gampaha, "
338,Suzuki Alto Japan 2003,"Rs 2,890,000","Colombo, "
339,Suzuki Alto Japan 2004,"Rs 2,800,000","Colombo, "
340,Suzuki Alto 2002,"Rs 2,850,000","Kandy, "
341,Suzuki Alto 2014,"Rs 2,550,000","Colombo, "
342,Suzuki Alto 2015,"Rs 2,800,000","Colombo, "
343,Suzuki Alto Lxi 2015,"Rs 2,850,000","Kandy, "
344,Suzuki Alto 2015,"Rs 2,875,000","Nuwara Eliya, "
345,Maruti Suzuki Alto LXI 2014,"Rs 3,000,000","Kalutara, "
346,Suzuki Alto LXI 2015,"Rs 2,750,000","Colombo, "
347,Suzuki Alto 2015,"Rs 2,840,000","Badulla, "
348,Suzuki Alto Japan 2011,"Rs 3,850,000","Gampaha, "
349,Suzuki Alto 2015,"Rs 2,790,000","Kandy, "
350,Suzuki Alto 2014,"Rs 2,600,000","Kalutara, "
351,Suzuki Alto 2015,"Rs 1,700,000","Gampaha, "
352,Suzuki Alto 2018,"Rs 4,650,000","Colombo, "
353,Suzuki Alto LXI 2015,"Rs 2,690,000","Colombo, "
354,Maruti Suzuki Alto LXI 800 2015,"Rs 3,000,000","Colombo, "
355,Suzuki Alto 2015,"Rs 2,750,000","Kalutara, "
356,Suzuki Alto 2006,"Rs 1,975,000","Kalutara, "
357,Suzuki Alto 2015,"Rs 3,050,000","Polonnaruwa, "
358,Maruti Suzuki Alto 2015,"Rs 2,750,000","Gampaha, "
359,Suzuki Alto k10 2011,"Rs 2,300,000","Gampaha, "
360,Suzuki Alto Japan 2001,"Rs 2,000,000","Matara, "
361,Suzuki Alto 2016,"Rs 2,600,000","Gampaha, "
362,Suzuki Alto 2015,"Rs 2,950,000","Anuradhapura, "
363,Suzuki Alto 2013,"Rs 2,550,000","Colombo, "
364,Suzuki Alto Japan 2017,"Rs 4,750,000","Gampaha, "
365,Suzuki Alto 2004,"Rs 1,380,000","Anuradhapura, "
366,Suzuki Alto 2015,"Rs 2,690,000","Colombo, "
367,Suzuki Alto 2015,"Rs 2,650,000","Anuradhapura, "
368,Suzuki Alto LHi 2010,"Rs 2,100,000","Anuradhapura, "
369,Suzuki Alto 2015,"Rs 2,675,000","Gampaha, "
370,Suzuki Alto 2010,"Rs 2,300,000","Ratnapura, "
371,Suzuki Alto Japan ANDROID HYBD 2017,"Rs 4,490,000","Colombo, "
372,Suzuki Alto 2015,"Rs 3,025,000","Batticaloa, "
373,Suzuki Alto Japan HYBD S 2017,"Rs 4,490,000","Colombo, "
374,Suzuki Alto 2015,"Rs 1,350,000","Ratnapura, "
375,Suzuki Alto 2015,"Rs 2,720,000","Gampaha, "
376,Suzuki Alto 2005,"Rs 1,000,000","Kandy, "
377,Suzuki Alto 2015,"Rs 2,774,190","Colombo, "
378,Suzuki Alto 2015 Maruti 800,"Rs 3,800,000","Trincomalee, "
379,Suzuki Alto K10 2011,"Rs 2,275,000","Kurunegala, "
380,Suzuki Alto LXI 2010,"Rs 2,500,000","Ratnapura, "
381,Suzuki Alto 2015,"Rs 3,150,000","Galle, "
382,Suzuki Alto 2007,"Rs 2,000,000","Kurunegala, "
383,Maruti Suzuki Alto Japan 2017,"Rs 4,300,000","Colombo, "
384,Suzuki Alto 2016,"Rs 2,900,000","Colombo, "
385,Suzuki Alto Japan 2017,"Rs 3,800,000","Colombo, "
386,Suzuki Alto 2017,"Rs 3,250,000","Colombo, "
387,Suzuki Alto Japan 2015,"Rs 4,650,000","Kegalle, "
388,Suzuki Alto LXI 2012,"Rs 2,425,000","Vavuniya, "
389,Suzuki Alto 800 2014,"Rs 2,700,000","Colombo, "
390,Suzuki Alto 2015,"Rs 2,800,000","Jaffna, "
391,Suzuki Alto k10 2012,"Rs 2,750,000","Kalutara, "
392,Suzuki Alto K10 VXI 2011,"Rs 2,700,000","Gampaha, "
393,Suzuki Alto 1998,"Rs 1,650,000","Batticaloa, "
394,Suzuki Alto 2007,"Rs 2,300,000","Colombo, "
395,Suzuki Alto JAPAN ANDROID 2017,"Rs 4,500,000","Colombo, "
396,Suzuki Alto 2015,"Rs 2,985,000","Kalutara, "
397,Suzuki Alto 2015,"Rs 3,050,000","Gampaha, "
398,Suzuki Alto xli 2011,"Rs 2,285,000","Matara, "
399,Suzuki Alto 800 2015,"Rs 2,850,000","Kegalle, "
400,Suzuki Alto LXI 2015,"Rs 2,900,000","Puttalam, "
401,Maruti Suzuki Alto Car 2010,"Rs 2,365,000","Colombo, "
402,Suzuki Alto Sport 2011,"Rs 2,300,000","Gampaha, "
403,Suzuki Alto Car 2020,"Rs 4,500,000","Jaffna, "
404,Suzuki Alto 2007,"Rs 2,245,000","Gampaha, "
405,Suzuki Alto Wine Red 2010,"Rs 2,345,000","Gampaha, "
406,Suzuki Alto Japanese 2003,"Rs 3,300,000","Colombo, "
407,Suzuki Alto 800 2008,"Rs 1,150,000","Kegalle, "
408,Suzuki Alto Sports 2010,"Rs 2,400,000","Kandy, "
409,Suzuki Alto 2014,"Rs 2,540,000","Kurunegala, "
410,Maruti Suzuki Alto 2015,"Rs 1,100,000","Ratnapura, "
411,Suzuki Alto 2015,"Rs 2,800,000","Colombo, "
412,Suzuki Alto 2005,"Rs 2,175,000","Colombo, "
413,Suzuki Alto 2015,"Rs 3,100,000","Kalutara, "
414,Suzuki Alto 2003,"Rs 2,500,000","Colombo, "
415,Suzuki Alto 800LXI 2015,"Rs 2,740,000","Gampaha, "
416,Suzuki Alto Car 2015,"Rs 2,775,000","Kandy, "
417,Suzuki Alto 2005,"Rs 2,000,000","Colombo, "
418,Suzuki Alto Lxi Sport 2007,"Rs 2,150,000","Gampaha, "
419,Suzuki Alto japan 2018,"Rs 4,200,000","Kalutara, "
420,Suzuki Alto 2016,"Rs 2,450,000","Kegalle, "
421,Suzuki Alto Japanese 2016,"Rs 4,475,000","Colombo, "
422,Suzuki Alto 2016,"Rs 2,850,000","Colombo, "
423,Suzuki Alto 2015,"Rs 2,550,000","Polonnaruwa, "
424,Suzuki Alto LXi 2015,"Rs 2,850,000","Colombo, "
425,Suzuki Alto 2015,"Rs 2,900,000","Gampaha, "
426,Suzuki Alto Sport 2015,"Rs 2,875,000","Gampaha, "
427,Suzuki Alto 2011,"Rs 2,600,000","Colombo, "
428,Suzuki Alto 2015,"Rs 2,850,000","Anuradhapura, "
429,Suzuki Alto 2016,"Rs 2,500,000","Colombo, "
430,Suzuki Alto LXI 800 2015,"Rs 2,850,000","Colombo, "
431,Suzuki Alto K 10 2014,"Rs 3,075,000","Anuradhapura, "
432,Suzuki Alto 2010,"Rs 2,230,000","Gampaha, "
433,Suzuki Alto 2008,"Rs 1,950,000","Galle, "
434,Maruti Suzuki Alto 800 2015,"Rs 3,150,000","Anuradhapura, "
435,Suzuki Alto 2015,"Rs 2,750,000","Puttalam, "
436,Suzuki Alto 2015,"Rs 2,700,000","Colombo, "
437,Suzuki Alto 2015,"Rs 2,500,000","Kandy, "
438,Suzuki Alto 800 2015,"Rs 2,875,000","Gampaha, "
439,Suzuki Alto 2010,"Rs 2,150,000","Matara, "
440,Suzuki Alto Box 2004,"Rs 2,900,000","Kurunegala, "
441,Suzuki Alto auto japan 2006,"Rs 3,150,000","Matale, "
442,Maruti Suzuki Alto 800 2014,"Rs 2,940,000","Colombo, "
443,Suzuki Alto Sport Lxi 2011,"Rs 2,500,000","Gampaha, "
444,Suzuki Alto 2006,"Rs 2,280,000","Polonnaruwa, "
445,Suzuki Alto 2016,"Rs 3,550,000","Ampara, "
446,Suzuki Alto 2015,"Rs 2,890,000","Kurunegala, "
447,Suzuki Alto 2015,"Rs 2,575,000","Kurunegala, "
448,Suzuki Alto 2010,"Rs 2,300,000","Kandy, "
449,Maruti Suzuki Alto 2012,"Rs 2,150,000","Gampaha, "
450,Suzuki Alto 2015,"Rs 2,925,000","Anuradhapura, "
451,Suzuki Alto 2007,"Rs 2,400,000","Colombo, "
452,Suzuki Alto 2007,"Rs 2,025,000","Anuradhapura, "
453,Suzuki Alto Sport 2007,"Rs 2,390,000","Hambantota, "
454,Suzuki Alto 800 2014,"Rs 2,690,000","Colombo, "
455,Suzuki Alto Lx 800 2015,"Rs 1,500,000","Colombo, "
456,Maruti Suzuki Alto 800 2015,"Rs 3,050,000","Matara, "
457,Suzuki Alto 2016,"Rs 2,500,000","Colombo, "
458,Suzuki Alto 2015,"Rs 2,950,000","Colombo, "
459,Suzuki Alto LXI 2014,"Rs 2,500,000","Gampaha, "
460,Suzuki Alto Japan 2017,"Rs 5,025,000","Colombo, "
461,Suzuki Alto Japan Brown 2016,"Rs 4,890,000","Colombo, "
462,Suzuki Alto 2012,"Rs 2,385,000","Matara, "
463,Suzuki Alto JAPAN 2017,"Rs 4,975,000","Colombo, "
464,Suzuki Alto 800 CC 2010,"Rs 2,625,000","Kandy, "
465,Suzuki Alto 2003,"Rs 3,250,000","Ampara, "
466,Maruti Suzuki Alto 2010,"Rs 2,150,000","Colombo, "
467,Suzuki Alto 2011,"Rs 2,625,000","Badulla, "
468,Suzuki Alto K10 2011,"Rs 2,850,000","Kandy, "
469,Suzuki Alto LXI 2011,"Rs 2,275,000","Colombo, "
470,Suzuki Alto LXI 800 2014,"Rs 2,590,000","Kandy, "
471,Suzuki Alto Japan 2004,"Rs 3,175,000","Colombo, "
472,Suzuki Alto 2015,"Rs 2,850,000","Kurunegala, "
473,Suzuki Alto 800 2013,"Rs 2,665,000","Gampaha, "
474,Suzuki Alto 2015,"Rs 2,990,000","Colombo, "
475,Maruti Suzuki Alto 2011,"Rs 2,500,000","Matara, "
476,Suzuki Alto 2017,"Rs 4,500,000","Colombo, "
477,Suzuki Alto Car 2004,"Rs 2,900,000","Gampaha, "
478,Suzuki Alto 2010,"Rs 2,500,000","Gampaha, "
479,Suzuki Alto sport 2014,"Rs 2,515,000","Kandy, "
480,Suzuki Alto 2016,"Rs 3,400,000","Colombo, "
481,Suzuki Alto Car 2016,"Rs 3,000,000","Mullativu, "
482,Maruti Suzuki Alto K-10 2011,"Rs 2,550,000","Matara, "
483,Suzuki Alto 2014,"Rs 2,800,000","Gampaha, "
484,Suzuki Alto 2015,"Rs 2,850,000","Kegalle, "
485,Suzuki Alto Hybrid S Grade 2015,"Rs 4,550,000","Colombo, "
486,Suzuki Alto Lxi 800 2014,"Rs 2,650,000","Colombo, "
487,Suzuki Alto 2014,"Rs 2,950,000","Colombo, "
488,Suzuki Alto 2014,"Rs 2,475,000","Colombo, "
489,Suzuki Alto 2007,"Rs 2,290,000","Gampaha, "
490,Maruti Suzuki Alto Japan 2017,"Rs 4,650,000","Colombo, "
491,Suzuki Alto 2016,"Rs 3,250,000","Anuradhapura, "
492,Suzuki Alto 2015,"Rs 2,700,000","Kegalle, "
493,Suzuki Alto 2011,"Rs 2,245,000","Kalutara, "
494,Suzuki Alto 2016 VXI - Airbag,"Rs 2,975,000","Matara, "
495,Suzuki Alto ENE CHARGE 2017,"Rs 5,090,000","Colombo, "
496,Suzuki Alto ENE CHARGE JAPAN 2017,"Rs 5,190,000","Colombo, "
497,Suzuki Alto 2011,"Rs 2,590,000","Colombo, "
498,Suzuki Alto 2015,"Rs 2,725,000","Colombo, "
499,Suzuki Alto 2011,"Rs 2,390,000","Gampaha, "
500,Suzuki Alto LXI 800 2015,"Rs 2,750,000","Galle, "
501,Suzuki Alto 2011,"Rs 2,350,000","Hambantota, "
502,Suzuki Alto LXI 2015,"Rs 2,875,000","Anuradhapura, "
503,Suzuki Alto K10 2011,"Rs 2,675,000","Gampaha, "
504,Suzuki Alto 2015,"Rs 2,980,000","Kandy, "
505,Suzuki Alto LXI 2012,"Rs 2,475,000","Ratnapura, "
506,Suzuki Alto Car 2015,"Rs 2,985,000","Gampaha, "
507,Suzuki Alto 2015,"Rs 2,495,000","Colombo, "
508,Suzuki Alto LXI 2016,"Rs 2,850,000","Gampaha, "
509,Suzuki Alto 2011 2010,"Rs 2,425,000","Jaffna, "
510,Suzuki Alto 2015,"Rs 2,740,000","Kurunegala, "
511,Maruti Suzuki Alto K10 2011,"Rs 2,675,000","Polonnaruwa, "
512,Suzuki Alto LXi 2015,"Rs 2,850,000","Colombo, "
513,Suzuki Alto K10 2015,"Rs 3,500,000","Gampaha, "
514,Suzuki Alto LXI 800 2015,"Rs 2,625,000","Matale, "
515,Suzuki Alto LXI800 2015,"Rs 2,790,000","Ratnapura, "
516,Suzuki Alto Japan Edition 2016,"Rs 4,750,000","Colombo, "
517,Suzuki Alto 800 Lxi 2011,"Rs 2,375,000","Matara, "
518,Suzuki Alto 2012,"Rs 2,475,000","Kalutara, "
519,Suzuki Alto 2015,"Rs 3,045,000","Gampaha, "
520,Suzuki Alto 2006,"Rs 1,990,000","Colombo, "
521,Suzuki Alto Japanese 2018,"Rs 4,970,000","Jaffna, "
522,Maruti Suzuki Alto 2010,"Rs 2,050,000","Gampaha, "
523,Suzuki Alto 2011,"Rs 2,875,000","Trincomalee, "
524,Suzuki Alto 2011,"Rs 2,280,000","Matara, "
525,Suzuki Alto 2015,"Rs 3,080,000","Matara, "
526,Suzuki Alto Manual 2015,"Rs 2,940,000","Gampaha, "
527,Suzuki Alto 800 2014,"Rs 2,490,000","Colombo, "
528,Maruti Suzuki Alto 2005,"Rs 1,950,000","Gampaha, "
529,Suzuki Alto UNREGISTERED 2016,"Rs 5,750,000","Gampaha, "
530,Suzuki Alto k10 2011,"Rs 2,850,000","Badulla, "
531,Suzuki Alto 2008,"Rs 2,175,000","Galle, "
532,Maruti Suzuki Alto 2006,"Rs 2,175,000","Matara, "
533,Maruti Suzuki Alto WPKB 5798 2006,"Rs 2,100,000","Kalutara, "
534,Suzuki Alto Lxi Sports 2010,"Rs 2,450,000","Matale, "
535,Suzuki Alto 2015,"Rs 2,900,000","Kurunegala, "
536,Suzuki Alto 2011,"Rs 2,450,000","Anuradhapura, "
537,Suzuki Alto 2011,"Rs 2,550,000","Hambantota, "
538,Suzuki Alto 2015,"Rs 2,760,000","Gampaha, "
539,Suzuki Alto 2016,"Rs 2,765,000","Kalutara, "
540,Suzuki Alto 2010,"Rs 2,475,000","Matale, "
541,Suzuki Alto 2015,"Rs 2,921,400","Galle, "
542,Suzuki Alto K10 2016,"Rs 3,750,000","Colombo, "
543,Suzuki Alto 2015,"Rs 3,090,000","Kegalle, "
544,Suzuki Alto 2015,"Rs 2,950,000","Colombo, "
545,Suzuki Alto 800 2015,"Rs 2,800,000","Kalutara, "
546,Suzuki Alto 2011,"Rs 2,495,000","Kalutara, "
547,Suzuki Alto 2016,"Rs 3,100,000","Ampara, "
548,Maruti Suzuki Alto 2015,"Rs 3,100,000","Gampaha, "
549,Suzuki Alto 2015,"Rs 2,800,000","Colombo, "
550,Maruti Suzuki Alto LXi 2014,"Rs 2,650,000","Colombo, "
551,Suzuki Alto 2014,"Rs 2,500,000","Colombo, "
552,Suzuki Alto Lxi 800 2015,"Rs 3,000,000","Anuradhapura, "
553,Suzuki Alto 2015,"Rs 2,800,000","Colombo, "
554,Suzuki Alto K10 2012,"Rs 2,500,000","Matara, "
555,Suzuki Alto 800 2014,"Rs 2,865,000","Gampaha, "
556,Suzuki Alto Japan 1998,"Rs 1,890,000","Gampaha, "
557,Suzuki Alto 2011,"Rs 2,200,000","Colombo, "
558,Suzuki Alto JAPAN 2017,"Rs 5,090,000","Colombo, "
559,Suzuki Alto JAPAN 2017,"Rs 4,890,000","Colombo, "
560,Suzuki Alto Japan 2017,"Rs 5,175,000","Colombo, "
561,Suzuki Alto Japan S HYBD 2017,"Rs 5,050,000","Colombo, "
562,Maruti Suzuki Alto 2010,"Rs 2,350,000","Matara, "
563,Suzuki Alto 2011,"Rs 2,295,000","Anuradhapura, "
564,Suzuki Alto Japan S 2016,"Rs 4,975,000","Colombo, "
565,Suzuki Alto 2008,"Rs 3,850,000","Colombo, "
566,Suzuki Alto 2010,"Rs 2,350,000","Colombo, "
567,Suzuki Alto 2015,"Rs 2,750,000","Kurunegala, "
568,Suzuki Alto Sport LXI 2011,"Rs 2,320,000","Anuradhapura, "
569,Suzuki Alto 800 2015,"Rs 2,900,000","Kegalle, "
570,Suzuki Alto 800 2015,"Rs 2,850,000","Anuradhapura, "
571,Suzuki Alto 800 2006,"Rs 1,095,000","Colombo, "
572,Suzuki Alto KJ 2010,"Rs 2,450,000","Ampara, "
573,Suzuki Alto 2018,"Rs 5,590,000","Colombo, "
574,Suzuki Alto 2015,"Rs 2,600,000","Colombo, "
575,Suzuki Alto 2015,"Rs 2,750,000","Colombo, "
576,Suzuki Alto 800 2015,"Rs 3,370,000","Colombo, "
577,Suzuki Alto K10 2011,"Rs 2,500,000","Colombo, "
578,Suzuki Alto K10 2011,"Rs 3,100,000","Gampaha, "
579,Suzuki Alto 2015,"Rs 2,800,000","Anuradhapura, "
580,Suzuki Alto 2005,"Rs 2,000,000","Ratnapura, "
581,Suzuki Alto 2014,"Rs 2,400,000","Colombo, "
582,Suzuki Alto 2016,"Rs 2,800,000","Colombo, "
583,Suzuki Alto 2015,"Rs 3,075,000","Kurunegala, "
584,Suzuki Alto DBA - HA363 Japan 2017,"Rs 4,400,000","Colombo, "
585,Suzuki Alto 2004,"Rs 3,450,000","Colombo, "
586,Suzuki Alto 2015,"Rs 2,850,000","Kegalle, "
587,Suzuki Alto 2015,"Rs 2,995,000","Gampaha, "
588,Maruti Suzuki Alto 1996,"Rs 1,260,000","Matara, "
589,Suzuki Alto K10 2011,"Rs 2,900,000","Monaragala, "
590,Suzuki Alto 2015,"Rs 2,830,000","Matara, "
591,Suzuki Alto LXI 2015,"Rs 2,850,000","Gampaha, "
592,Suzuki Alto 2011,"Rs 2,980,000","Ratnapura, "
593,Suzuki Alto laxi 2013,"Rs 2,650,000","Gampaha, "
594,Suzuki Alto 2017,"Rs 3,050,000","Colombo, "
595,Suzuki Alto Japan 2007,"Rs 3,690,000","Colombo, "
596,Suzuki Alto 800 2015,"Rs 2,875,000","Kalutara, "
597,Suzuki Alto LXI 2005,"Rs 2,075,000","Matara, "
598,Suzuki Alto 2015,"Rs 2,590,000","Colombo, "
599,Suzuki Alto 2015,"Rs 2,700,000","Matale, "
600,Suzuki Alto 2015,"Rs 3,150,000","Kalutara, "
601,Suzuki Alto 2015,"Rs 2,725,000","Colombo, "
602,Suzuki Alto LXI 800 2015,"Rs 3,050,000","Colombo, "
603,Suzuki Alto K10 Sports 2014,"Rs 3,090,000","Anuradhapura, "
604,Suzuki Alto maruti 2007,"Rs 2,275,000","Kurunegala, "
605,Suzuki Alto Manual 2015,"Rs 2,815,000","Ratnapura, "
606,Maruti Suzuki Alto sport 2011,"Rs 2,275,000","Anuradhapura, "
607,Suzuki Alto K10 2011,"Rs 2,780,000","Anuradhapura, "
608,Suzuki Alto 2009,"Rs 4,000,000","Gampaha, "
609,Suzuki Alto 2015,"Rs 2,800,000","Polonnaruwa, "
610,Suzuki Alto LXI 2008,"Rs 2,390,000","Colombo, "
611,Suzuki Alto 2017,"Rs 4,475,000","Matara, "
612,Suzuki Alto 2015,"Rs 2,875,000","Colombo, "
613,Maruti Suzuki Alto 2011,"Rs 2,300,000","Kandy, "
614,Suzuki Alto 2015,"Rs 2,800,000","Ratnapura, "
615,Suzuki Alto 2014,"Rs 2,650,000","Gampaha, "
616,Suzuki Alto Car 2015,"Rs 2,875,000","Jaffna, "
617,Suzuki Alto 2011,"Rs 2,830,000","Matale, "
618,Suzuki Alto LXI 2011,"Rs 2,750,000","Gampaha, "
619,Suzuki Alto JAPAN X SAFETY 2017,"Rs 4,990,000","Colombo, "
620,Maruti Suzuki Alto 2005,"Rs 2,300,000","Kalutara, "
621,Suzuki Alto 2015,"Rs 4,125,000","Gampaha, "
622,Suzuki Alto K10 2016,"Rs 3,650,000","Kalutara, "
623,Suzuki Alto Lxi 2011,"Rs 2,550,000","Colombo, "
624,Maruti Suzuki Alto K10 2011,"Rs 2,790,000","Colombo, "
625,Suzuki Alto Lxi 2016,"Rs 3,400,000","Colombo, "
626,Suzuki Alto japan 2017,"Rs 4,100,000","Gampaha, "
627,Maruti Suzuki Alto 2015,"Rs 3,050,000","Kurunegala, "
628,Suzuki Alto 800 LXI 2018,"Rs 3,700,000","Galle, "
629,Suzuki Alto 2011,"Rs 2,000,000","Batticaloa, "
630,Suzuki Alto Lxi 2016,"Rs 3,175,000","Gampaha, "
631,Suzuki Alto 2015,"Rs 2,950,000","Colombo, "
632,Suzuki Alto 2015,"Rs 2,950,000","Colombo, "
633,Suzuki Alto 800 2013,"Rs 2,850,000","Gampaha, "
634,Suzuki Alto trim 2015,"Rs 3,900,000","Gampaha, "
635,Suzuki Alto Japan RS 2015,"Rs 5,375,000","Colombo, "
636,Suzuki Alto LXI 800 2015,"Rs 2,590,000","Colombo, "
637,Suzuki Alto 2015,"Rs 2,800,000","Kalutara, "
638,Suzuki Alto 800 2014,"Rs 2,550,000","Gampaha, "
639,Suzuki Alto 800 2015,"Rs 3,000,000","Colombo, "
640,Suzuki Alto 2012,"Rs 2,500,000","Colombo, "
641,Suzuki Alto 2014,"Rs 2,520,000","Gampaha, "
642,Maruti Suzuki Alto 2010,"Rs 2,300,000","Kalutara, "
643,Suzuki Alto 2015,"Rs 2,975,000","Colombo, "
644,Suzuki Alto 2006,"Rs 2,290,000","Anuradhapura, "
645,Suzuki Alto 2015,"Rs 2,980,000","Kurunegala, "
646,Suzuki Alto K10 2011,"Rs 2,780,000","Polonnaruwa, "
647,Suzuki Alto 1999,"Rs 1,790,000","Kandy, "
648,Suzuki Alto Japan 2017,"Rs 4,725,000","Gampaha, "
649,Suzuki Alto 2010,"Rs 2,400,000","Colombo, "
650,Suzuki Alto trim 2015,"Rs 3,150,000","Anuradhapura, "
651,Suzuki Alto Japan 2007,"Rs 3,690,000","Kurunegala, "
652,Suzuki Alto 2015,"Rs 2,985,000","Matale, "
653,Suzuki Alto 2015,"Rs 2,700,000","Colombo, "
654,Maruti Suzuki Alto Car 2011,"Rs 2,511,000","Kandy, "
655,Suzuki Alto LXI 800 2017,"Rs 3,500,000","Anuradhapura, "
656,Suzuki Alto LXI 2015,"Rs 2,695,000","Colombo, "
657,Suzuki Alto Special Edition 2015,"Rs 3,095,000","Colombo, "
658,Suzuki Alto 800 2015,"Rs 2,825,000","Puttalam, "
659,Suzuki Alto 2010,"Rs 2,366,400","Ratnapura, "
660,Suzuki Alto LXI 2011,"Rs 2,575,000","Colombo, "
661,Suzuki Alto 2013,"Rs 2,500,000","Gampaha, "
662,Suzuki Alto 2015,"Rs 3,050,000","Colombo, "
663,Suzuki Alto 2006,"Rs 2,350,000","Kegalle, "
664,Suzuki Alto 2016,"Rs 3,225,000","Kurunegala, "
665,Suzuki Alto RS 2015,"Rs 5,000,000","Colombo, "
666,Suzuki Alto LXI Reg 2016 2015,"Rs 2,925,000","Kalutara, "
667,Suzuki Alto 2014,"Rs 3,150,000","Anuradhapura, "
